<application>
  <component name="VimSettings">
    <state version="4" enabled="true" />
    <globalmarks />
    <filemarks>
      <file name="/Dummy.txt" timestamp="1545489078181">
        <mark key="[" line="0" column="0" />
      </file>
      <file name="$USER_HOME$/projects/fillit_input/main.c" timestamp="1545499465954">
        <mark key="'" line="11" column="22" />
        <mark key="[" line="5" column="0" />
        <mark key="]" line="5" column="0" />
        <mark key="." line="5" column="0" />
      </file>
      <file name="/fragment.py" timestamp="1545482008602">
        <mark key="[" line="0" column="0" />
      </file>
      <file name="$USER_HOME$/projects/fillit/libft/CMakeLists.txt" timestamp="1545492905592">
        <mark key="[" line="63" column="8" />
        <mark key="]" line="63" column="8" />
        <mark key="." line="63" column="8" />
      </file>
      <file name="/LLDB" timestamp="1545493913348">
        <mark key="[" line="0" column="0" />
      </file>
      <file name="$USER_HOME$/projects/fillit/main.c" timestamp="1545489088763">
        <mark key="[" line="3" column="19" />
      </file>
      <file name="$USER_HOME$/projects/fillit_input/CMakeLists.txt" timestamp="1545493432239">
        <mark key="[" line="8" column="21" />
      </file>
      <file name="$USER_HOME$/projects/fillit_input/libft/libft.h" timestamp="1545499499402">
        <mark key="[" line="16" column="19" />
      </file>
      <file name="$USER_HOME$/projects/fillit_input/fillit.h" timestamp="1545497912638" />
      <file name="/fragment.m" timestamp="1545482098311">
        <mark key="[" line="0" column="0" />
      </file>
      <file name="$USER_HOME$/projects/fillit/CMakeLists.txt" timestamp="1545493107871">
        <mark key="[" line="8" column="17" />
        <mark key="]" line="8" column="17" />
        <mark key="." line="8" column="17" />
      </file>
    </filemarks>
    <jumps>
      <jump line="17" column="22" filename="$USER_HOME$/projects/fillit_input/main.c" />
      <jump line="3" column="0" filename="$USER_HOME$/projects/fillit_input/main.c" />
      <jump line="8" column="0" filename="$USER_HOME$/projects/fillit_input/main.c" />
      <jump line="18" column="0" filename="$USER_HOME$/projects/fillit_input/main.c" />
      <jump line="14" column="22" filename="$USER_HOME$/projects/fillit_input/main.c" />
      <jump line="23" column="16" filename="$USER_HOME$/projects/fillit_input/main.c" />
      <jump line="10" column="22" filename="$USER_HOME$/projects/fillit_input/main.c" />
    </jumps>
    <registers>
      <register name="1" type="4">
        <text encoding="base64">CiAgICAvLyBUT0RPINC80LDQu9C70L7Rh9C40LwgINC/0L7Qt9C20LU=</text>
      </register>
      <register name="&quot;" type="4">
        <text>in</text>
      </register>
      <register name="2" type="4">
        <text>block = 0;
            else
            return (0)</text>
      </register>
      <register name="3" type="4">
        <text encoding="base64">CiAgICAgICAgcHJpbnRmKCIlc1xuIixsaW5lKTsKICAgICAgICBmcmVlKGxpbmUpOw==</text>
      </register>
      <register name="4" type="4">
        <text encoding="base64">ICAgY2hhciAgKmxpbmU7CgogICAgd2hpbGUoZ2V0X25leHRfbGluZSgpKQ==</text>
      </register>
      <register name="5" type="4">
        <text encoding="base64">IGZ0X3N0cmFycm1heC5jCiAgICAgICAgZnRfZ2V0X3BhcmVudF9wYXRoLmMp</text>
      </register>
      <register name="6" type="4">
        <text encoding="base64">ICAgICAgZnRfZnJlZXN0cmFyci5jCiAgICAgICAgZnRfc3Ryam9pbmNsLmMKICAgICAgICBmdF9zdHJqb2luY2hjbC5j</text>
      </register>
      <register name="7" type="2">
        <text encoding="base64">ICAgICAgICBmdF9zdHJzcGxpdGFsbC5jCg==</text>
      </register>
      <register name="8" type="2">
        <text encoding="base64">ICAgICAgICBmdF9pc2VtcHR5c3RyLmMK</text>
      </register>
      <register name="9" type="2">
        <text encoding="base64">ICAgICAgICAgIGZ0X3N0cnJlcGxhY2UuYwo=</text>
      </register>
      <register name="-" type="4">
        <text>in</text>
      </register>
    </registers>
    <search>
      <last-dir>0</last-dir>
      <show-last>false</show-last>
    </search>
    <history>
      <history-search />
      <history-cmd />
      <history-expr />
      <history-input />
    </history>
    <shortcut-conflicts>
      <shortcut-conflict owner="vim">
        <text>ctrl pressed V</text>
      </shortcut-conflict>
    </shortcut-conflicts>
    <editor>
      <key-repeat enabled="false" />
    </editor>
  </component>
</application>